2026-04-15,2026-04-17,CRYSTAL LAKE PARK DISTRI,Bills & Utilities,Sale,-289.6
2026-04-15,2026-04-17,CRYSTAL LAKE PARK DISTRI,Bills & Utilities,Sale,-362
2026-04-16,2026-04-17,WAL-MART #3434,Groceries,Sale,-30.11
2026-04-16,2026-04-17,MURPHY7600ATWALMART,Gas,Sale,-71.29
2026-04-14,2026-04-14,Payment Thank You Bill Pa,,Payment,10000
2026-04-12,2026-04-13,DOMINO'S 2786,Food & Drink,Sale,-32.77
2026-04-08,2026-04-09,REBECCA LEIFELD MA  LCPC,Health & Wellness,Sale,-20
2026-04-08,2026-04-09,REBECCA LEIFELD MA  LCPC,Health & Wellness,Sale,-20
2026-04-08,2026-04-09,CULVERS WOODSTOCK,Food & Drink,Sale,-12.63
2026-04-02,2026-04-03,CL *Chase Travel,Travel,Return,261.6
2026-04-01,2026-04-03,JOE WHEELER STATE PARK,Bills & Utilities,Sale,-153.45
2026-04-01,2026-04-01,ANNUAL MEMBERSHIP FEE,Fees & Adjustments,Fee,-95
2026-03-31,2026-04-01,MLB*BREWERS TICKETS,Entertainment,Sale,-89
2026-03-28,2026-03-29,ASSOCIATES IN PSYCHIATRY,Health & Wellness,Sale,-20
2026-03-25,2026-03-25,Audible*J63QR02E3,Bills & Utilities,Sale,-14.95
2026-03-22,2026-03-24,TACO BELL #035323,Food & Drink,Sale,-12.31
2026-03-22,2026-03-24,SHELL OIL 57445585201,Gas,Sale,-70.8
2026-03-22,2026-03-23,bathandbodyworks.com,Shopping,Sale,-21.6
2026-03-22,2026-03-23,2112 GREAT CLIPS AT COUNT,Personal,Sale,-17.99
2026-03-22,2026-03-22,AUTOMATIC PAYMENT - THANK,,Payment,670.43
2026-03-20,2026-03-22,CULVERS WOODSTOCK,Food & Drink,Sale,-12.63
2026-03-20,2026-03-22,TST*TACO DALE CANTINA,Food & Drink,Sale,-38.14
2026-03-20,2026-03-22,SXM*SIRIUSXM.COM/ACCT,Bills & Utilities,Sale,-7.99
2026-03-17,2026-03-19,FIVE BELOW 703,Shopping,Sale,-51.81
2026-03-17,2026-03-19,STARBUCKS STORE 54175,Food & Drink,Sale,-13.24
2026-03-18,2026-03-19,HP *INSTANT INK,Shopping,Sale,-14.09
2026-03-18,2026-03-19,MLB*BREWERS TICKETS,Entertainment,Sale,-58
2026-03-17,2026-03-18,TARGET        00011668,Shopping,Sale,-34.42
2026-03-16,2026-03-18,CRYSTAL LAKE PARK DISTRI,Bills & Utilities,Sale,-289.6
2026-03-17,2026-03-18,SAMS CLUB #6339,Gas,Sale,-50.4
2026-03-16,2026-03-18,CRYSTAL LAKE PARK DISTRI,Bills & Utilities,Sale,-362
2026-03-16,2026-03-17,SignUp *SaveTheManatee5k,Gifts & Donations,Sale,-58.08
2026-03-13,2026-03-15,DR MATTS OFFICE,Health & Wellness,Sale,-41.42
2026-03-13,2026-03-15,TACO BELL #30401,Food & Drink,Sale,-15.93
2026-03-13,2026-03-15,DD/BR #340391 Q35,Food & Drink,Sale,-5.17
2026-03-12,2026-03-13,MCDONALD'S F3488,Food & Drink,Sale,-8.89
2026-03-11,2026-03-12,WM SUPERCENTER #3434,Groceries,Sale,-12.14
2026-03-09,2026-03-10,REBECCA LEIFELD MA  LCPC,Health & Wellness,Sale,-20
2026-03-08,2026-03-10,MURPHY7600ATWALMART,Gas,Sale,-47.07
2026-03-09,2026-03-10,MCDONALD'S F14021,Food & Drink,Sale,-10.27
2026-03-08,2026-03-10,PLAYITAGAINSP #11008,Shopping,Sale,-16.26
2026-03-08,2026-03-09,MCDONALD'S M7214,Food & Drink,Sale,-21.88
2026-03-08,2026-03-09,WM SUPERCENTER #1413,Groceries,Sale,-102.8
2026-03-08,2026-03-09,MLB*BREWERS TICKETS,Entertainment,Sale,-131.5
2026-03-07,2026-03-09,CRYSTAL LAKE PARK DISTRI,Bills & Utilities,Sale,-6048
2026-03-07,2026-03-08,TARGET        00011668,Shopping,Sale,-87.05
2026-03-06,2026-03-08,TST*THE VILLAGE SQUIRE-,Food & Drink,Sale,-65.04
2026-03-06,2026-03-08,CL *Chase Travel,Travel,Sale,-261.6
2026-03-05,2026-03-05,Payment Thank You - Web,,Payment,2000
2026-03-03,2026-03-05,JEWEL OSCO 3503,Groceries,Sale,-26.02
2026-03-04,2026-03-05,WAL-MART #3434,Groceries,Sale,-15.32
2026-02-28,2026-03-02,STARBUCKS STORE 11490,Food & Drink,Sale,-13.02
2026-02-28,2026-03-01,PAYPAL *LITTLEWAYLE,Education,Sale,-525
2026-02-26,2026-03-01,MURPHY7579ATWALMART,Gas,Sale,-47.1
2026-02-26,2026-03-01,WENDY'S #0507,Food & Drink,Sale,-5.63
2026-02-26,2026-02-27,TARGET        00011668,Shopping,Sale,-18.42
2026-02-26,2026-02-27,JOSTENS INC.,Shopping,Sale,-40.99
2026-02-26,2026-02-27,TARGET        00011668,Shopping,Sale,-15
2026-02-24,2026-02-26,STARBUCKS STORE 54175,Food & Drink,Sale,-6.24
2026-02-26,2026-02-26,The Law Office of Deni,Professional Services,Sale,-4067.75
2026-02-24,2026-02-25,MCDONALD'S F12987,Food & Drink,Sale,-12.31
2026-02-24,2026-02-25,PANERA BREAD #204024 P,Food & Drink,Sale,-14.85
2026-02-24,2026-02-25,WM SUPERCENTER #3434,Groceries,Sale,-63.41
2026-02-25,2026-02-25,Audible*V12JW2S13,Bills & Utilities,Sale,-14.95
2026-02-23,2026-02-24,MCDONALD'S F3488,Food & Drink,Sale,-5.63
2026-02-21,2026-02-24,MENARDS WOODSTOCK IL,Home,Return,32.46
2026-02-22,2026-02-22,AUTOMATIC PAYMENT - THANK,,Payment,3317.47
2026-02-20,2026-02-22,SXM*SIRIUSXM.COM/ACCT,Bills & Utilities,Sale,-7.99
2026-02-20,2026-02-22,REBECCA LEIFELD MA  LCPC,Health & Wellness,Sale,-60
2026-02-18,2026-02-20,CASEYS #3539,Gas,Sale,-45.7
2026-02-19,2026-02-20,ETOLLAVIS U469418751,Travel,Sale,-23.35
2026-02-19,2026-02-20,TCKTWEB*CHRISTOPHERTIT,Entertainment,Sale,-66.69
2026-02-17,2026-02-19,CRYSTAL LAKE PARK DISTRI,Bills & Utilities,Sale,-362
2026-02-18,2026-02-19,HP *INSTANT INK,Shopping,Sale,-5.96
2026-02-18,2026-02-19,WAL-MART #1413,Groceries,Sale,-199.72
2026-02-17,2026-02-19,CRYSTAL LAKE PARK DISTRI,Bills & Utilities,Sale,-289.6
2026-02-17,2026-02-18,DD/BR #340391 Q35,Food & Drink,Sale,-9.7
2026-02-14,2026-02-16,RAPID RINSE CAR WASH,Automotive,Sale,-7
2026-02-14,2026-02-16,STARBUCKS STORE 70143,Food & Drink,Sale,-12.15
2026-02-12,2026-02-15,WENDY'S #0507,Food & Drink,Sale,-11.24
2026-02-13,2026-02-15,MCDONALDS F34745,Food & Drink,Sale,-11.22
2026-02-12,2026-02-15,MENARDS WOODSTOCK IL,Home,Sale,-10.84
2026-02-14,2026-02-15,MCDONALD'S F11558,Food & Drink,Sale,-6.48
2026-02-13,2026-02-15,DOMINO'S 2786,Food & Drink,Sale,-26.78
2026-02-12,2026-02-15,MURPHY7600ATWALMART,Gas,Sale,-51.88
2026-02-13,2026-02-13,Payment Thank You - Web,,Payment,2000
2026-02-12,2026-02-13,WAL-MART #1413,Groceries,Sale,-3.84
2026-02-12,2026-02-13,DD/BR #340391 Q35,Food & Drink,Sale,-20.18
2026-02-11,2026-02-13,PANERA BREAD #202795 P,Food & Drink,Sale,-13.73
2026-02-12,2026-02-13,DOLLARTREE,Shopping,Sale,-57.96
2026-02-11,2026-02-12,WM SUPERCENTER #1079,Groceries,Sale,-5.84
2026-02-11,2026-02-12,SC* CRYSTAL LAKE LITTL,Gifts & Donations,Sale,-293
2026-02-11,2026-02-12,AVIS RENT-A-CAR,Travel,Sale,-16.31
2026-02-10,2026-02-11,CULVERS OF INVERNESS,Food & Drink,Sale,-15.2
2026-02-10,2026-02-11,HOMOSASSA RETAIL &amp; FERRY,Travel,Sale,-113.78
2026-02-10,2026-02-11,HOMOSASSA RETAIL &amp; FERRY,Travel,Sale,-18.2
2026-02-10,2026-02-11,SQ *SALTY SIREN TOURS  LL,Entertainment,Sale,-111.24
2026-02-11,2026-02-11,AMERICAN AIR0014485844826,Travel,Sale,-35
2026-02-09,2026-02-10,CULVERS OF INVERNESS,Food & Drink,Sale,-5.82
2026-02-09,2026-02-10,BP#6772867SUNSHINE # 148,Gas,Sale,-33.11
2026-02-09,2026-02-09,LYFT   *1 RIDE 02-07,Travel,Sale,-31.97
2026-02-07,2026-02-08,CHEVRON 0304793,Gas,Sale,-15.68
2026-02-07,2026-02-08,WAWA# 5283,Gas,Sale,-10.79
2026-02-07,2026-02-08,MSC Cruises,Travel,Sale,-140.88
2026-02-06,2026-02-08,MSC Cruises,Travel,Sale,-96
2026-02-04,2026-02-05,ARANTZA DUTY FREE SHOP,Shopping,Sale,-24
2026-02-04,2026-02-05,CHRISTMAS BY THE SEA,Shopping,Sale,-19
2026-01-30,2026-02-02,MENARDS WOODSTOCK IL,Home,Return,20.56
2026-02-02,2026-02-02,LYFT   *RIDE SUN 10AM,Travel,Sale,-21.6
2026-01-31,2026-02-02,ELEMENT MIAMI INTERNATION,Food & Drink,Sale,-17.15
2026-01-31,2026-02-02,ZOOT'S CAF ORD,Food & Drink,Sale,-7.81
2026-01-30,2026-02-01,DOLLARTREE,Shopping,Sale,-21.33
2026-01-30,2026-02-01,WAL-MART #3434,Groceries,Sale,-72
2026-01-29,2026-01-30,MCDONALD'S F3488,Food & Drink,Sale,-8.02
2026-01-28,2026-01-30,CHICK-FIL-A #03227,Food & Drink,Sale,-10.7
2026-01-27,2026-01-29,MURPHY7579ATWALMART,Gas,Sale,-50.42
2026-01-26,2026-01-28,UNITED      0164365258236,Travel,Sale,-35
2026-01-25,2026-01-27,TACO BELL #035323,Food & Drink,Sale,-18.67
2026-01-26,2026-01-26,Payment Thank You - Web,,Payment,2000
2026-01-23,2026-01-25,CULVERS WOODSTOCK,Food & Drink,Sale,-12.6
2026-01-24,2026-01-25,TST*NEAT KITCHEN &amp; BAR O,Food & Drink,Sale,-36.81
2026-01-23,2026-01-25,MCDONALD'S F3488,Food & Drink,Sale,-8.45
2026-01-25,2026-01-25,Audible*J83HO0883,Bills & Utilities,Sale,-14.95
2026-01-22,2026-01-23,PANERA BREAD #204414 P,Food & Drink,Sale,-19.97
2026-01-21,2026-01-22,DR MATTS OFFICE,Health & Wellness,Sale,-40
2026-01-19,2026-01-21,OUTBACK 1421,Food & Drink,Sale,-35.46
2026-01-20,2026-01-21,SAMS CLUB #6339,Gas,Sale,-41.97
2026-01-20,2026-01-21,TARGET        00011668,Shopping,Sale,-45
2026-01-20,2026-01-21,SXM*SIRIUSXM.COM/ACCT,Bills & Utilities,Sale,-7.99
2026-01-18,2026-01-20,COLOR ME MINE - CRYSTAL L,Shopping,Sale,-79.68
2026-01-17,2026-01-18,MCDONALD'S F19354,Food & Drink,Sale,-5.4
2026-01-17,2026-01-18,CL *Chase Travel,Travel,Sale,-133.5
2026-01-17,2026-01-18,CL *Chase Travel,Travel,Sale,-195.84
2026-01-17,2026-01-18,FH* SALTY SIREN TOURS,Entertainment,Sale,-176.96
2026-01-17,2026-01-18,MSC Cruises USA,Travel,Sale,-334.34
2026-01-17,2026-01-18,AVIS.COM PREPAY,Travel,Sale,-243.29
2026-01-15,2026-01-18,CRYSTAL LAKE PARK DISTRI,Bills & Utilities,Sale,-289.6
2026-01-15,2026-01-18,CRYSTAL LAKE PARK DISTRI,Bills & Utilities,Sale,-362
2026-01-17,2026-01-18,WM SUPERCENTER #5060,Groceries,Sale,-179.18
2026-01-17,2026-01-18,MCDONALD'S F11558,Food & Drink,Sale,-6.48
2026-01-17,2026-01-18,OLDNAVY.COM,Shopping,Return,34.72
2026-01-16,2026-01-18,JIMMY JOHNS - 0585,Food & Drink,Sale,-10.95
2026-01-15,2026-01-16,MCDONALD'S F14021,Food & Drink,Sale,-16.34
2026-01-13,2026-01-15,LIFETIME VISION &amp; CONT,Health & Wellness,Sale,-289.8
2026-01-15,2026-01-15,The Law Office of Deni,Professional Services,Sale,-2120
2026-01-13,2026-01-15,SHELL OIL 57445192701,Gas,Sale,-50.16
2026-01-13,2026-01-15,MENARDS WOODSTOCK IL,Home,Sale,-10.84
2026-01-13,2026-01-14,MSC Cruises USA,Travel,Sale,-130.16
2026-01-11,2026-01-12,DOMINO'S 2946,Food & Drink,Sale,-26.95
2026-01-11,2026-01-12,TST*OZZIES DINER,Food & Drink,Sale,-48.75
2026-01-11,2026-01-12,CL *Chase Travel,Travel,Sale,-31.91
2026-01-09,2026-01-11,TST*IMPROV COMEDY CLUB -,Food & Drink,Sale,-37.63
2026-01-06,2026-01-07,ALDI 40084 WOODSTOCK,Groceries,Sale,-22.85
2026-01-06,2026-01-06,Payment Thank You-Mobile,,Payment,2000
2026-01-05,2026-01-06,CULVERS WOODSTOCK,Food & Drink,Sale,-10.71
2026-01-05,2026-01-06,Derm Specialists IL,Health & Wellness,Sale,-40
2025-12-30,2026-01-04,CRYSTAL LAKE IMM CARE PHY,Health & Wellness,Sale,-20
2026-01-01,2026-01-04,MURPHY7600ATWALMART,Gas,Sale,-44.95
2025-12-31,2026-01-04,MENARDS WOODSTOCK IL,Home,Return,69.32
2026-01-01,2026-01-02,WAL-MART #1413,Groceries,Sale,-53.17
2026-01-01,2026-01-02,WAL-MART #1413,Groceries,Sale,-68.07
2026-01-01,2026-01-02,DD/BR #344504 Q35,Food & Drink,Sale,-9.21
2026-01-01,2026-01-02,DUNKIN #355515,Food & Drink,Sale,-8.08
2025-12-31,2026-01-01,KOHL'S #1467,Shopping,Sale,-24.19
2025-12-31,2025-12-31,Payment Thank You - Web,,Payment,2350
2025-12-30,2025-12-31,ALDI 40084 WOODSTOCK,Groceries,Sale,-6.68
2025-12-30,2025-12-30,KRV Legal LLP Ridings,Professional Services,Sale,-750
2025-12-28,2025-12-29,DOLLARTREE,Shopping,Sale,-41.67
2025-12-27,2025-12-28,WAL-MART #4286,Groceries,Sale,-12.96
2025-12-26,2025-12-28,JIMMY JOHNS - 0585 - ECOM,Food & Drink,Sale,-30.39
2025-12-27,2025-12-28,bathandbodyworks.com,Shopping,Sale,-33.41
2025-12-26,2025-12-26,The Law Office of Deni,Professional Services,Sale,-1529.25
2025-12-25,2025-12-25,Audible*OP0ZK38N3,Bills & Utilities,Sale,-14.95
2025-12-23,2025-12-25,MURPHY7579ATWALMART,Gas,Sale,-39.96
2025-12-24,2025-12-25,MCDONALD'S F3488,Food & Drink,Sale,-8.43
2025-12-23,2025-12-25,MENARDS WOODSTOCK IL,Home,Sale,-56.26
2025-12-23,2025-12-24,MSC CRUISES USA,Travel,Sale,-70
2025-12-23,2025-12-24,FARM &amp; FLT OF WOODSTOCK,Shopping,Sale,-21.53
2025-12-23,2025-12-24,WAL-MART #3434,Groceries,Sale,-127.87
2025-12-22,2025-12-23,WM SUPERCENTER #3434,Groceries,Sale,-113.01
2025-12-22,2025-12-23,WAL-MART CHECK PRINTNG,Shopping,Sale,-20.51
2025-12-22,2025-12-22,AUTOMATIC PAYMENT - THANK,,Payment,2044.99
2025-12-21,2025-12-22,SP PULSE OF POTENTIAL,Shopping,Sale,-50.07
2025-12-22,2025-12-22,ALLIANZ TRAVEL INS,Bills & Utilities,Sale,-9.5
2025-12-21,2025-12-22,SP PULSE OF POTENTIAL,Shopping,Sale,-106.02
2025-12-22,2025-12-22,PRICELN*STAYBRIDGE SUI,Travel,Sale,-168.02
2025-12-20,2025-12-21,SXM*SIRIUSXM.COM/ACCT,Bills & Utilities,Sale,-7.99
2025-12-19,2025-12-21,TST*IMPROV COMEDY CLUB -,Food & Drink,Sale,-38.98
2025-12-18,2025-12-21,FIVE BELOW 703,Shopping,Sale,-16.28
2025-12-19,2025-12-21,CLASSIC CINEMAS WOODSTOCK,Entertainment,Sale,-34
2025-12-18,2025-12-21,TACO BELL 036195,Food & Drink,Sale,-12.47
2025-12-18,2025-12-21,TARGET        00011668,Shopping,Sale,-32.88
2025-12-18,2025-12-21,DOLLARTREE,Shopping,Sale,-33.26
2025-12-19,2025-12-19,TCKTWEB*CHRISOCONNOR,Entertainment,Sale,-33.3
2025-12-17,2025-12-19,PORTILLOS HOT DOGS #23,Food & Drink,Sale,-17.41
2025-12-18,2025-12-19,WAL-MART #1413,Groceries,Sale,-86.55
2025-12-17,2025-12-18,TARGET        00011668,Shopping,Sale,-65.17
2025-12-17,2025-12-18,TARGET        00011668,Shopping,Sale,-85
2025-12-17,2025-12-18,WALGREENS #6746,Health & Wellness,Sale,-9.21
2025-12-17,2025-12-18,PANERA BREAD #204024 O,Food & Drink,Sale,-15.7
2025-12-17,2025-12-18,WM SUPERCENTER #1413,Groceries,Sale,-33.52
2025-12-17,2025-12-18,CHIPOTLE 3609,Food & Drink,Sale,-18.73
2025-12-15,2025-12-17,CRYSTAL LAKE PARK DISTRI,Bills & Utilities,Sale,-289.6
2025-12-15,2025-12-17,CRYSTAL LAKE PARK DISTRI,Bills & Utilities,Sale,-362
2025-12-15,2025-12-17,SHELL OIL 57445192701,Gas,Sale,-41.01
2025-12-15,2025-12-16,CULVERS WOODSTOCK,Food & Drink,Sale,-12.17
2025-12-14,2025-12-15,WM SUPERCENTER #4286,Groceries,Sale,-53.72
2025-12-14,2025-12-15,MCDONALD'S F12987,Food & Drink,Sale,-3.29
2025-12-14,2025-12-15,DOMINO'S 2946,Food & Drink,Sale,-25.64
2025-12-13,2025-12-14,DOLLARTREE,Shopping,Sale,-32.2
2025-12-13,2025-12-14,WM SUPERCENTER #4286,Groceries,Sale,-242.72
2025-12-12,2025-12-14,TACO BELL 036195,Food & Drink,Sale,-14.52
2025-12-11,2025-12-12,MCDONALD'S F11558,Food & Drink,Sale,-7.38
2025-12-10,2025-12-11,BESTBUYCOM807121003077,Shopping,Sale,-363.78
2025-12-09,2025-12-11,MURPHY7579ATWALMART,Gas,Sale,-32.13
2025-12-08,2025-12-10,SHELL OIL 57443514401,Gas,Sale,-15
2025-12-09,2025-12-10,PANERA BREAD #204024 P,Food & Drink,Sale,-23.9
2025-12-09,2025-12-10,WAL-MART #3434,Groceries,Sale,-87.09
2025-12-08,2025-12-09,REBECCA LEIFELD MA  LCPC,Health & Wellness,Sale,-20
2025-12-08,2025-12-09,DR MATTS OFFICE,Health & Wellness,Sale,-40
2025-12-08,2025-12-08,PAYPAL *LITTLEWAYLE,Education,Sale,-140
2025-12-06,2025-12-08,SAVERS - 1176,Shopping,Sale,-45.96
2025-12-07,2025-12-07,Payment Thank You - Web,,Payment,2000
2025-12-06,2025-12-07,MCDONALD'S F11558,Food & Drink,Sale,-20.38
2025-12-05,2025-12-07,TRADER JOE S #699,Groceries,Sale,-25
2025-12-05,2025-12-07,WAL-MART #5060,Groceries,Sale,-184.14
2025-12-03,2025-12-04,DD/BR #340391 Q35,Food & Drink,Sale,-9.71
2025-12-02,2025-12-04,TST*ELGIN PUBLIC HOUSE,Food & Drink,Sale,-40.73
2025-12-01,2025-12-03,MURPHY7579ATWALMART,Gas,Sale,-45.75
2025-12-02,2025-12-03,PANERA BREAD #204024 P,Food & Drink,Sale,-9.73
2025-12-02,2025-12-03,HABITAT FOR HUMANITY WS,Shopping,Sale,-9.74
2025-11-30,2025-12-03,TACO BELL #035323,Food & Drink,Sale,-14.72
2025-11-28,2025-11-30,WAL-MART #4286,Groceries,Sale,-233.95
2025-11-28,2025-11-30,AMC 6501 LAKE IN HILLS,Entertainment,Sale,-11.68
2025-11-28,2025-11-30,MENARDS CRYSTAL LAKE IL,Home,Sale,-85.35
2025-11-26,2025-11-27,OLDNAVY.COM,Shopping,Return,47.74
2025-11-25,2025-11-27,BBQ KING SMOKEHOUSE HUNT,Food & Drink,Sale,-61.49
2025-11-26,2025-11-27,DD/BR #340391 Q35,Food & Drink,Sale,-6.44
2025-11-26,2025-11-27,TORRID #5229,Shopping,Return,85.5
2025-11-26,2025-11-27,CULVERS WOODSTOCK,Food & Drink,Sale,-12.17
2025-11-26,2025-11-27,TORRID #5229,Shopping,Return,81.63
2025-11-25,2025-11-26,MCDONALD'S F3488,Food & Drink,Sale,-11.79
2025-11-25,2025-11-26,OLDNAVY.COM,Shopping,Sale,-62.06
2025-11-25,2025-11-25,Audible*B22P40VO1,Bills & Utilities,Sale,-14.95
2025-11-24,2025-11-25,DD/BR #340391 Q35,Food & Drink,Sale,-4.51
2025-11-23,2025-11-24,Subway 44371,Food & Drink,Sale,-31.65
2025-11-22,2025-11-23,MCDONALD'S F11558,Food & Drink,Sale,-19.51
2025-11-22,2025-11-23,WALGREENS #11944,Health & Wellness,Sale,-10.84
2025-11-22,2025-11-23,OUR FAMILY WIZARD,Professional Services,Sale,-216
2025-11-21,2025-11-23,MURPHY7579ATWALMART,Gas,Sale,-43.89
2025-11-21,2025-11-23,THORNTONS #221344,Gas,Sale,-8.4
2025-11-19,2025-11-23,MENARDS WOODSTOCK IL,Home,Return,8.52
2025-11-21,2025-11-21,AUTOMATIC PAYMENT - THANK,,Payment,2679.76
2025-11-19,2025-11-21,WM SUPERCENTER #3434,Groceries,Return,13.02
2025-11-19,2025-11-21,WM SUPERCENTER #3434,Groceries,Return,21.63
2025-11-20,2025-11-21,SCHLPAY*CRYSTALLAKECCSD47,Education,Sale,-40
2025-11-20,2025-11-21,DD/BR #340391 Q35,Food & Drink,Sale,-7.98
2025-11-19,2025-11-21,MENARDS WOODSTOCK IL,Home,Sale,-59.44
2025-11-20,2025-11-21,SXM*SIRIUSXM.COM/ACCT,Bills & Utilities,Sale,-7.99
2025-11-19,2025-11-20,FARM &amp; FLT OF WOODSTOCK,Shopping,Return,45.56
2025-11-19,2025-11-20,FARM &amp; FLT OF WOODSTOCK,Shopping,Sale,-7.57
2025-11-18,2025-11-19,MCDONALD'S F3488,Food & Drink,Sale,-10.18
2025-11-17,2025-11-19,CRYSTAL LAKE PARK DISTRI,Professional Services,Sale,-289.6
2025-11-17,2025-11-19,CRYSTAL LAKE PARK DISTRI,Professional Services,Sale,-362
2025-11-17,2025-11-18,PANERA BREAD #204024 P,Food & Drink,Sale,-13.4
2025-11-16,2025-11-18,KIRIN KING ASIAN CUISIN.,Food & Drink,Sale,-28
2025-11-16,2025-11-18,TACO BELL #035323,Food & Drink,Sale,-14.72
2025-11-15,2025-11-17,STARBUCKS STORE 02556,Food & Drink,Sale,-13.24
2025-11-14,2025-11-16,MSC Cruises USA,Travel,Sale,-947.28
2025-11-15,2025-11-16,REBECCA LEIFELD MA  LCPC,Health & Wellness,Sale,-20
2025-11-14,2025-11-16,WWW.TORRID.COM,Shopping,Sale,-122
2025-11-15,2025-11-16,OLDNAVY.COM,Shopping,Sale,-57.44
2025-11-13,2025-11-14,SCHOLASTIC BOOK FAIRS R4,Shopping,Sale,-24
2025-11-11,2025-11-12,YCC STORE 00378,Shopping,Sale,-45.37
2025-11-11,2025-11-12,ROGANS SHOES #5,Shopping,Sale,-142.43
2025-11-11,2025-11-12,MCDONALD'S F34869,Food & Drink,Sale,-12.73
2025-11-11,2025-11-12,LANE BRYANT 4192,Shopping,Sale,-29.95
2025-11-12,2025-11-12,The Law Office of Deni,Professional Services,Sale,-469.25
2025-11-11,2025-11-12,MCDONALD'S F13083,Food & Drink,Sale,-10.76
2025-11-11,2025-11-12,TORRID #5781,Shopping,Sale,-85.84
2025-11-10,2025-11-11,MCDONALD'S F12987,Food & Drink,Sale,-5.6
2025-11-10,2025-11-11,WAL-MART #4286,Groceries,Sale,-113.4
2025-11-08,2025-11-10,TARGET        00011668,Shopping,Sale,-79.86
2025-11-08,2025-11-10,FIVE BELOW 703,Shopping,Sale,-68.24
2025-11-08,2025-11-09,ASSOCIATES IN PSYCHIATRY,Health & Wellness,Sale,-20
2025-11-07,2025-11-09,DD/BR #340391 Q35,Food & Drink,Sale,-7.49
2025-11-09,2025-11-09,PAYPAL *BASIC FUN,Shopping,Sale,-6
2025-11-08,2025-11-09,WAL-MART #1413,Groceries,Sale,-84.34
2025-11-07,2025-11-09,WAL-MART #3434,Groceries,Sale,-140.65
2025-11-08,2025-11-09,Subway 36833,Food & Drink,Sale,-14.83
2025-11-07,2025-11-09,WENDY'S #0507,Food & Drink,Sale,-7.89
2025-11-05,2025-11-06,CULVERS WOODSTOCK,Food & Drink,Sale,-11.46
2025-11-04,2025-11-06,LIFETIME VISION &amp; CONT,Health & Wellness,Sale,-45
2025-11-04,2025-11-05,CHIPOTLE 3609,Food & Drink,Sale,-18.73
2025-11-03,2025-11-05,PANERA BREAD #204024 P,Food & Drink,Sale,-19.23
2025-11-04,2025-11-05,SAMS CLUB #6339,Gas,Sale,-51.95
2025-11-04,2025-11-05,DD/BR #340391 Q35,Food & Drink,Sale,-10.88
2025-11-03,2025-11-04,ADVOCATE PATIENT PAYMENT,Health & Wellness,Sale,-40
2025-11-01,2025-11-03,TACO BELL #30401,Food & Drink,Sale,-18.59
2025-10-31,2025-11-02,TACO BELL #30401,Food & Drink,Sale,-18.59
2025-10-31,2025-11-02,DD/BR #340391 Q35,Food & Drink,Sale,-21.56
2025-10-30,2025-10-31,MCDONALD'S F12987,Food & Drink,Sale,-10.89
2025-10-28,2025-10-29,DD/BR #340391 Q35,Food & Drink,Sale,-9.04
2025-10-28,2025-10-29,TST* LOU MALNATI'S - LAKE,Food & Drink,Sale,-47.6
2025-10-26,2025-10-28,CASEYS #6907,Gas,Sale,-53.88
2025-10-25,2025-10-27,MENARDS CRYSTAL LAKE IL,Home,Sale,-19.46
2025-10-26,2025-10-27,MCDONALD'S M7214,Food & Drink,Sale,-24.71
2025-10-25,2025-10-26,CULVERS WOODSTOCK,Food & Drink,Sale,-23.32
2025-10-23,2025-10-26,WENDY'S #0507,Food & Drink,Sale,-8.32
2025-10-25,2025-10-26,WM SUPERCENTER #3434,Groceries,Sale,-52.88
2025-10-25,2025-10-26,Audible*N439W5EI0,Bills & Utilities,Sale,-14.95
2025-10-25,2025-10-26,DOLLAR TREE,Shopping,Sale,-28.12
2025-10-23,2025-10-24,DOLLAR TREE,Shopping,Sale,-88.75
2025-10-23,2025-10-24,CULVERS WOODSTOCK,Food & Drink,Sale,-17.62
2025-10-22,2025-10-23,CULVERS LAKE IN THE HILL,Food & Drink,Sale,-14.82
2025-10-22,2025-10-23,TARGET        00011668,Shopping,Sale,-15
2025-10-22,2025-10-22,AUTOMATIC PAYMENT - THANK,,Payment,1835.18
2025-10-21,2025-10-22,WAL-MART #1413,Groceries,Sale,-320.13
2025-10-20,2025-10-21,SXM*SIRIUSXM.COM/ACCT,Bills & Utilities,Sale,-7.99
2025-10-19,2025-10-20,SignUp *SaveTheManatee5k,Gifts & Donations,Sale,-49.5
2025-10-16,2025-10-19,WENDYS #  13352,Food & Drink,Sale,-4.33
2025-10-15,2025-10-17,CRYSTAL LAKE PARK DISTRI,Personal,Sale,-289.6
2025-10-15,2025-10-17,CRYSTAL LAKE PARK DISTRI,Personal,Sale,-362
2025-10-15,2025-10-17,LOGANS ROADHOUSE 3456,Food & Drink,Sale,-26.15
2025-10-16,2025-10-17,REBECCA LEIFELD MA  LCPC,Health & Wellness,Sale,-20
2025-10-15,2025-10-17,WENDYS #  13352,Food & Drink,Sale,-17.12
2025-10-16,2025-10-17,ATHANS &amp; ASSOCIATES,Health & Wellness,Sale,-20
2025-10-15,2025-10-17,SHELL OIL 57444087209,Gas,Sale,-52.92
2025-10-13,2025-10-15,EMBASSY RIVRSIDE CAFE,Food & Drink,Sale,-10.51
2025-10-14,2025-10-15,EMBASSY RIVRSIDE CAFE,Food & Drink,Sale,-10.5
2025-10-13,2025-10-15,LOGANS ROADHOUSE 3456,Food & Drink,Sale,-41.13
2025-10-13,2025-10-14,CULVERS WOODSTOCK,Food & Drink,Sale,-16.27
2025-10-12,2025-10-14,HAMPTON INNS,Travel,Sale,-60
2025-10-12,2025-10-13,MCDONALD'S F34643,Food & Drink,Sale,-4.53
2025-10-11,2025-10-12,SQ *KAREN CLARKSON,Personal,Sale,-15
2025-10-10,2025-10-12,LIONS DEN 27,Shopping,Sale,-22.35
2025-10-11,2025-10-12,SQ *MID-AMERICA FESTIVALS,Entertainment,Sale,-9
2025-10-10,2025-10-12,WENDY'S 13447,Food & Drink,Sale,-10.34
2025-10-11,2025-10-12,ON THE RUN #517,Gas,Sale,-38.5
2025-10-11,2025-10-12,SQ *LIFELINES BY FIDELE,Entertainment,Sale,-62.5
2025-10-07,2025-10-09,MENARDS CRYSTAL LAKE IL,Home,Sale,-38.93
2025-10-07,2025-10-09,SHELL OIL 57445192701,Gas,Sale,-41.66
2025-10-08,2025-10-09,BLAIN'S FARM &amp; FLEET,Shopping,Sale,-6.4
2025-10-07,2025-10-09,TACO BELL 036194,Food & Drink,Sale,-11.65
2025-10-08,2025-10-09,LOVE'S #0458 INSIDE,Gas,Sale,-11.97
2025-10-07,2025-10-08,BLAIN'S FARM &amp; FLEET,Shopping,Sale,-67.11
2025-10-07,2025-10-08,DD/BR #340391 Q35,Food & Drink,Sale,-6.67
2025-10-06,2025-10-07,DUNKIN #355515,Food & Drink,Sale,-8.46
2025-10-05,2025-10-07,TACO BELL #30401,Food & Drink,Sale,-9.74
2025-10-04,2025-10-06,VILLAGE VINTNER WINERY,Food & Drink,Sale,-28.85
2025-10-03,2025-10-05,CLASSIC CINEMAS WOODSTOCK,Entertainment,Sale,-14.07
2025-10-03,2025-10-05,CL *Chase Travel,Travel,Sale,-89.48
2025-10-04,2025-10-05,SQ *STAMP ICE,Food & Drink,Sale,-6
2025-10-03,2025-10-05,BLAIN'S FARM &amp; FLEET,Shopping,Sale,-61.77
2025-10-03,2025-10-05,CLASSIC CINEMAS WOODSTOCK,Entertainment,Sale,-21
2025-10-05,2025-10-05,ANNUAL HOTEL CREDIT,Fees & Adjustments,Adjustment,50
2025-10-01,2025-10-03,MURPHY7579ATWALMART,Gas,Sale,-46.34
2025-10-01,2025-10-02,AIRBNB * HMYWF9HWJZ,Travel,Return,180.52
2025-10-01,2025-10-02,WM SUPERCENTER #3434,Groceries,Sale,-180.37
2025-09-29,2025-09-30,DUNKIN #355515,Food & Drink,Sale,-9.06
2025-09-30,2025-09-30,AIRBNB * HMYWF9HWJZ,Travel,Sale,-180.52
2025-09-28,2025-09-30,WENDYS #  13352,Food & Drink,Sale,-20.75
2025-09-28,2025-09-29,REBECCA LEIFELD MA  LCPC,Health & Wellness,Sale,-20
2025-09-29,2025-09-29,AIRBNB * HMNNHCP4KT,Travel,Sale,-192.55
2025-09-26,2025-09-28,PANERA BREAD #204024 P,Food & Drink,Sale,-14.39
2025-09-25,2025-09-26,CULVERS OF CRYSTAL LAKE,Food & Drink,Sale,-14.4
2025-09-24,2025-09-26,SHELL OIL 57445192701,Gas,Sale,-51.27
2025-09-25,2025-09-25,Audible*WN6367Y73,Bills & Utilities,Sale,-14.95
2025-09-23,2025-09-24,TARGET        00011668,Shopping,Sale,-54.64
2025-09-23,2025-09-24,WM SUPERCENTER #4286,Groceries,Sale,-7.95
2025-09-22,2025-09-23,MCDONALD'S F12987,Food & Drink,Sale,-10.23
2025-09-22,2025-09-22,AUTOMATIC PAYMENT - THANK,,Payment,2653.35
2025-09-21,2025-09-22,DOLLARTREE,Shopping,Sale,-13.53
2025-09-19,2025-09-22,RUSTY NAIL SALOON,Food & Drink,Sale,-25.24
2025-09-21,2025-09-22,WM SUPERCENTER #4286,Groceries,Sale,-61.5
2025-09-19,2025-09-21,FIVE BELOW 703,Shopping,Sale,-30.38
2025-09-19,2025-09-21,SHELL OIL 57445192701,Gas,Sale,-54.72
2025-09-19,2025-09-21,TARGET        00011668,Shopping,Sale,-63.77
2025-09-19,2025-09-21,TARGET        00011668,Shopping,Sale,-8.95
2025-09-17,2025-09-19,GOODWILL CRYSTAL LAKE,Gifts & Donations,Sale,-35.49
2025-09-17,2025-09-19,WM SUPERCENTER #1413,Groceries,Return,21.67
2025-09-17,2025-09-19,WM SUPERCENTER #1413,Groceries,Return,16.24
2025-09-16,2025-09-18,CRYSTAL LAKE PARK DISTRI,Personal,Sale,-289.6
2025-09-16,2025-09-18,CRYSTAL LAKE PARK DISTRI,Personal,Sale,-362
2025-09-17,2025-09-18,WAL-MART #1413,Groceries,Sale,-75.06
2025-09-17,2025-09-18,WAL-MART #1413,Groceries,Return,9.72
2025-09-15,2025-09-17,TACO BELL 036195,Food & Drink,Sale,-14.19
2025-09-16,2025-09-16,Audible*D967T0JZ3,Bills & Utilities,Sale,-4.99
2025-09-15,2025-09-16,PAYPAL *BASIC FUN,Shopping,Sale,-6
2025-09-15,2025-09-16,DOLLAR TREE,Shopping,Sale,-16.19
2025-09-15,2025-09-16,Audible*1U46W0423,Bills & Utilities,Sale,-4.86
2025-09-15,2025-09-16,2112 GREAT CLIPS AT COUNT,Personal,Sale,-29
2025-09-16,2025-09-16,Audible*0E7OQ5Z23,Bills & Utilities,Sale,-4.99
2025-09-14,2025-09-15,MCDONALD'S M7214,Food & Drink,Sale,-21.78
2025-09-11,2025-09-14,SHELL OIL 57444087209,Gas,Sale,-59.27
2025-09-13,2025-09-14,CULVERS WOODSTOCK,Food & Drink,Sale,-11.9
2025-09-10,2025-09-11,WAL-MART #3434,Groceries,Sale,-9.67
2025-09-09,2025-09-10,WAL-MART #3434,Groceries,Sale,-65.98
2025-09-09,2025-09-10,Scholastic  Inc.,Education,Sale,-33.6
2025-09-07,2025-09-09,IL TOLLWAY-WEB-UNPD TOLL,Travel,Sale,-5.3
2025-09-07,2025-09-09,TACO BELL #035323,Food & Drink,Sale,-17.68
2025-09-08,2025-09-09,PANERA BREAD #204024 P,Food & Drink,Sale,-18.71
2025-09-07,2025-09-09,WENDY'S 7008,Food & Drink,Sale,-8.43
2025-09-05,2025-09-07,PANERA BREAD #204024 O,Food & Drink,Sale,-40.69
2025-09-05,2025-09-07,KOHL'S #1467,Shopping,Sale,-14.47
2025-09-05,2025-09-07,WENDY'S #0507,Food & Drink,Sale,-9.08
2025-09-03,2025-09-05,COLOR PORTRAITS INC,Education,Sale,-82.5
2025-09-03,2025-09-05,THORNTONS #0342,Gas,Sale,-58.7
2025-09-04,2025-09-05,MCDONALD'S F14738,Food & Drink,Sale,-13.6
2025-09-03,2025-09-04,DOLLARTREE,Shopping,Sale,-46.28
2025-09-02,2025-09-03,WAL-MART #4641,Groceries,Sale,-10.02
2025-09-01,2025-09-03,CLASSIC CINEMAS WOODSTOCK,Entertainment,Sale,-25.5
2025-09-01,2025-09-02,DOMINO'S 2946,Food & Drink,Sale,-39.66
2025-09-01,2025-09-02,CLASSIC CINEMAS WOODSTOCK,Entertainment,Sale,-26.52
2025-08-30,2025-09-01,SHELL OIL 57445192701,Gas,Sale,-56.23
2025-08-30,2025-09-01,PLAYITAGAINSP #11008,Shopping,Sale,-49.63
2025-08-30,2025-08-31,BATH &amp; BODY WORKS 4303,Shopping,Sale,-23.65
2025-08-29,2025-08-31,MCDONALD'S F14021,Food & Drink,Sale,-10.73
2025-08-30,2025-08-31,CULVERS OF N AURORA,Food & Drink,Sale,-16.83
2025-08-28,2025-08-29,WENDYS #0751,Food & Drink,Sale,-6.99
2025-08-27,2025-08-29,TACO BELL 036195,Food & Drink,Sale,-14.19
2025-08-27,2025-08-28,MCDONALD'S F34643,Food & Drink,Sale,-11.44
2025-08-27,2025-08-28,WAL-MART #4286,Groceries,Sale,-9.38
2025-08-26,2025-08-28,WOODSTOCK CITGO,Gas,Sale,-44.11
2025-08-25,2025-08-26,Audible*NB6RF5YP3,Bills & Utilities,Sale,-14.95
2025-08-24,2025-08-25,DOMINO'S 2946,Food & Drink,Sale,-38.41
2025-08-23,2025-08-25,TACO BELL 036194,Food & Drink,Sale,-14.13
2025-08-22,2025-08-24,TARGET        00011668,Shopping,Sale,-42.36
2025-08-22,2025-08-24,SHELL OIL 57445192701,Gas,Sale,-20
2025-08-22,2025-08-24,SAMS CLUB #6339,Gas,Sale,-39.69
2025-08-22,2025-08-24,WAL-MART #4286,Groceries,Sale,-106.75
2025-08-22,2025-08-22,AUTOMATIC PAYMENT - THANK,,Payment,2286.41
2025-08-21,2025-08-22,TACO BELL 036194,Food & Drink,Sale,-17.36
2025-08-21,2025-08-22,PANERA BREAD #204024 P,Food & Drink,Sale,-15.87
2025-08-21,2025-08-22,SCHLPAY*CRYSTALLAKECCSD47,Education,Sale,-135
2025-08-18,2025-08-19,ASSOCIATES IN PSYCHIATRY,Health & Wellness,Sale,-20
2025-08-18,2025-08-19,DD/BR #340391 Q35,Food & Drink,Sale,-9.49
2025-08-16,2025-08-18,MURPHY7527ATWALMART,Gas,Sale,-56.64
2025-08-17,2025-08-18,WAL-MART #4641,Groceries,Sale,-216.88
2025-08-17,2025-08-18,MCDONALD'S F34643,Food & Drink,Sale,-9.72
2025-08-17,2025-08-17,Payment Thank You - Web,,Payment,5000
2025-08-14,2025-08-17,SAVERS - 1176,Shopping,Sale,-35.73
2025-08-16,2025-08-17,TACO BELL 036194,Food & Drink,Sale,-8.63
2025-08-16,2025-08-17,CULVERS OF HUNTLEY,Food & Drink,Sale,-11.49
2025-08-13,2025-08-15,HYATT PLACE ATLANTA CP,Travel,Sale,-240
2025-08-14,2025-08-15,WM SUPERCENTER #1413,Groceries,Sale,-77.43
2025-08-13,2025-08-14,MCDONALD'S F12878,Food & Drink,Sale,-20.51
2025-08-12,2025-08-14,FLAGSHIP ICON 404,Shopping,Sale,-50
2025-08-13,2025-08-14,LOVE'S #0629 INSIDE,Gas,Sale,-5.69
2025-08-11,2025-08-13,FLAGSHIP ICON 404,Shopping,Sale,-50
2025-08-13,2025-08-13,GAQGIFT* GEORGIA AQUAR,Shopping,Sale,-44.59
2025-08-12,2025-08-13,CTLP*MEDALLION MINT LL,Food & Drink,Sale,-15
2025-08-11,2025-08-12,GAQGIFT* GEORGIA AQUAR,Shopping,Sale,-20.58
2025-08-10,2025-08-12,GEORGIA AQUARIUM,Shopping,Sale,-20
2025-08-11,2025-08-12,GAQGIFT* GEORGIA AQUAR,Shopping,Sale,-32.83
2025-08-11,2025-08-12,GEORGIAAQUARIUMECOM,Entertainment,Sale,-87.05
2025-08-11,2025-08-11,GAQGIFT* GEORGIA AQUAR,Shopping,Sale,-21.78
2025-08-10,2025-08-11,GEORGIAAQUARIUMECOM,Entertainment,Return,20.69
2025-08-10,2025-08-11,GEORGIAAQUARIUMECOM,Entertainment,Return,10.88
2025-08-09,2025-08-11,BUC-EE'S #52,Groceries,Sale,-24.08
2025-08-10,2025-08-11,COCA COLA ATLANTA,Shopping,Sale,-35.83
2025-08-08,2025-08-10,WAL-MART #3434,Groceries,Sale,-19.6
2025-08-07,2025-08-10,FRIENDSHIP HOUSE,Personal,Sale,-338.4
2025-08-07,2025-08-08,SAMSCLUB #6339,Shopping,Sale,-25
2025-08-07,2025-08-08,DD/BR #340391 Q35,Food & Drink,Sale,-3.88
2025-08-07,2025-08-08,WM SUPERCENTER #3434,Groceries,Sale,-84.15
2025-08-05,2025-08-06,DR MATTS OFFICE,Health & Wellness,Sale,-40
2025-08-05,2025-08-06,SQ *MY FUNNEL TRUCK LLC,Food & Drink,Sale,-9
2025-08-04,2025-08-05,GEORGIAAQUARIUMECOM,Entertainment,Sale,-176.4
2025-08-04,2025-08-05,WAL-MART #3434,Groceries,Sale,-47.52
2025-08-03,2025-08-04,SQ *THE CRAB SHACK,Food & Drink,Sale,-32.85
2025-08-03,2025-08-04,SQ *SKINNER?S AMUSEMENTS,Food & Drink,Sale,-13
2025-08-01,2025-08-03,REBECCA LEIFELD MA  LCPC,Health & Wellness,Sale,-20
2025-07-30,2025-08-01,TACO BELL 036194,Food & Drink,Sale,-5.4
2025-07-31,2025-08-01,TST* JAMBA JUICE - 0189 -,Food & Drink,Sale,-9.89
2025-07-31,2025-08-01,DD/BR #340391 Q35,Food & Drink,Sale,-7.55
2025-07-29,2025-07-31,DNCSS AM FAM FIELD CON,Food & Drink,Sale,-10.72
2025-07-30,2025-07-31,METRA,Travel,Sale,-6.75
2025-07-29,2025-07-30,BP#6255236ARROWHEAD BP,Gas,Sale,-45.56
2025-07-27,2025-07-30,MENARDS MONTGOMERY IL,Home,Return,14.1
2025-07-27,2025-07-30,MENARDS MONTGOMERY IL,Home,Return,18.27
2025-07-27,2025-07-29,GOODWILL RETAIL #087,Shopping,Sale,-14.58
2025-07-27,2025-07-29,TACO BELL #035323,Food & Drink,Sale,-17.68
2025-07-27,2025-07-28,DOLLARTREE,Shopping,Sale,-24.05
2025-07-26,2025-07-28,WM SUPERCENTER #4286,Groceries,Return,14.81
2025-07-26,2025-07-28,WM SUPERCENTER #4286,Groceries,Return,21.38
2025-07-26,2025-07-27,WM SUPERCENTER #4286,Groceries,Sale,-205.48
2025-07-25,2025-07-25,Audible*190BL7O53,Bills & Utilities,Sale,-14.95
2025-07-24,2025-07-25,PANERA BREAD #204024 P,Food & Drink,Sale,-19.12
2025-07-22,2025-07-24,TST*JULIE ANNS FROZEN C,Food & Drink,Sale,-6.51
2025-07-22,2025-07-22,AUTOMATIC PAYMENT - THANK,,Payment,2804.88
2025-07-21,2025-07-22,SC* CRYSTAL LAKE LITTL,Gifts & Donations,Sale,-98
2025-07-21,2025-07-22,TCKTWEB*ROBSCHNEIDER,Entertainment,Sale,-105.24
2025-07-20,2025-07-21,MLB*BREWERS TICKETS,Entertainment,Sale,-159
2025-07-19,2025-07-21,COUNTRYDONUTS,Food & Drink,Sale,-15.87
2025-07-19,2025-07-20,FIV*DOUBLE TAKE,Shopping,Sale,-4.23
2025-07-18,2025-07-20,TARGET        00011668,Shopping,Sale,-18.17
2025-07-17,2025-07-20,FRIENDSHIP HOUSE,Personal,Sale,-733
2025-07-18,2025-07-20,DOMINO'S 2786,Food & Drink,Sale,-28.13
2025-07-18,2025-07-20,NATIONAL ENTERTAINMENT N,Entertainment,Sale,-30
2025-07-17,2025-07-20,WENDY'S #0507,Food & Drink,Sale,-8.27
2025-07-18,2025-07-20,DOLLAR TREE,Shopping,Sale,-26.31
2025-07-18,2025-07-20,GRAND BEAR RESORT,Travel,Return,202.8
2025-07-18,2025-07-20,MENARDS CRYSTAL LAKE IL,Home,Sale,-51.65
2025-07-18,2025-07-20,TARGET        00011668,Shopping,Sale,-15
2025-07-17,2025-07-18,MCDONALD'S F19354,Food & Drink,Sale,-20.53
2025-07-17,2025-07-18,DD/BR #340391 Q35,Food & Drink,Sale,-9.49
2025-07-16,2025-07-18,MURPHY7579ATWALMART,Gas,Sale,-53.09
2025-07-16,2025-07-18,CASEYS #3775,Gas,Sale,-12
2025-07-17,2025-07-18,GRAND BEAR RESORT,Travel,Sale,-208.88
2025-07-15,2025-07-17,WENDY'S #0507,Food & Drink,Sale,-8.32
2025-07-16,2025-07-17,GEORGIAAQUARIUMECOM,Entertainment,Sale,-230.84
2025-07-15,2025-07-16,SQ *BROTHERS' BBQ FOOD TR,Food & Drink,Sale,-10.7
2025-07-15,2025-07-16,SQ *MY FUNNEL TRUCK LLC,Food & Drink,Sale,-9
2025-07-13,2025-07-15,STARBUCKS STORE 02426,Food & Drink,Sale,-6.12
2025-07-14,2025-07-15,GEORGIAAQUARIUMECOM,Entertainment,Sale,-420
2025-07-14,2025-07-15,GEORGIAAQUARIUMECOM,Entertainment,Sale,-462.8
2025-07-13,2025-07-14,WM SUPERCENTER #3434,Groceries,Sale,-78.74
2025-07-13,2025-07-14,SQ *EL TACO FELIZ,Food & Drink,Sale,-7
2025-07-13,2025-07-14,WAL-MART #3434     SE2,Groceries,Return,63.85
2025-07-12,2025-07-14,MENARDS WOODSTOCK IL,Home,Sale,-28.62
2025-07-12,2025-07-13,WM SUPERCENTER #3434,Groceries,Sale,-34.43
2025-07-11,2025-07-13,TST*WINTRUST FIELD,Food & Drink,Sale,-24
2025-07-11,2025-07-13,MCDONALD'S F3488,Food & Drink,Sale,-8.31
2025-07-12,2025-07-13,DD/BR #340391 Q35,Food & Drink,Sale,-9.16
2025-07-12,2025-07-13,CULVERS WOODSTOCK,Food & Drink,Sale,-12.38
2025-07-11,2025-07-13,TACO BELL #30401,Food & Drink,Sale,-20.08
2025-07-11,2025-07-13,MENARDS CRYSTAL LAKE IL,Home,Sale,-36.54
2025-07-11,2025-07-13,TST*WINTRUST FIELD,Food & Drink,Sale,-36
2025-07-11,2025-07-11,KRV Legal LLP Ridings,Professional Services,Sale,-2500
2025-07-09,2025-07-11,TACO BELL 036195,Food & Drink,Sale,-14.19
2025-07-10,2025-07-11,DD/BR #340391 Q35,Food & Drink,Sale,-18.37
2025-07-08,2025-07-10,TWIN PEAKS - ALGONQUIN,Food & Drink,Sale,-38.83
2025-07-08,2025-07-10,MURPHY7579ATWALMART,Gas,Sale,-54.07
2025-07-09,2025-07-10,TARGET        00011668,Shopping,Sale,-37.5
2025-07-07,2025-07-08,CHIPOTLE 3609,Food & Drink,Sale,-22.03
2025-07-06,2025-07-08,TOMMYS RED HOTS,Food & Drink,Sale,-22.48
2025-07-07,2025-07-08,DAIRY QUEEN #19447,Food & Drink,Sale,-11.13
2025-07-06,2025-07-07,MCDONALD'S F34643,Food & Drink,Sale,-10.57
2025-07-04,2025-07-06,MCDONALD'S F12987,Food & Drink,Sale,-5.49
2025-07-04,2025-07-06,WAL-MART #4641,Groceries,Sale,-108.48
2025-07-03,2025-07-06,TACO BELL #035323,Food & Drink,Sale,-14.49
2025-07-03,2025-07-06,MENARDS CRYSTAL LAKE IL,Home,Sale,-11.91
2025-07-04,2025-07-06,BOOMERSBAS* BOOMERSBAS,Entertainment,Sale,-84.12
2025-07-03,2025-07-04,SAMSCLUB 6339 GAS,Gas,Sale,-44.54
2025-07-01,2025-07-02,WAL-MART #5060,Groceries,Sale,-63.85
2025-07-01,2025-07-02,PANERA BREAD #204024 P,Food & Drink,Sale,-14.48
2025-07-01,2025-07-02,OLLIES BARGAIN OUTLET 494,Shopping,Sale,-4.33
2025-06-29,2025-06-30,WM SUPERCENTER #1413,Groceries,Sale,-59.62
2025-06-28,2025-06-29,SQ *KONA ICE OF MCHENRY C,Food & Drink,Sale,-8
2025-06-28,2025-06-29,MCDONALD'S F3488,Food & Drink,Sale,-9.61
2025-06-28,2025-06-29,ASSOCIATES IN PSYCHIATRY,Health & Wellness,Sale,-20
2025-06-28,2025-06-29,SAMSCLUB #6339,Shopping,Sale,-78.39
2025-06-28,2025-06-29,SAMSCLUB #6339,Groceries,Sale,-4.3
2025-06-28,2025-06-29,WAL-MART #1413,Groceries,Sale,-90.93
2025-06-27,2025-06-29,SAMSCLUB #6339,Gas,Sale,-53.91
2025-06-23,2025-06-29,OLLIES BARGAIN OUTLET 494,Shopping,Return,10.82
2025-06-27,2025-06-29,TARGET        00011668,Shopping,Sale,-39.49
2025-06-24,2025-06-26,FRIENDSHIP HOUSE,Personal,Sale,-846
2025-06-23,2025-06-26,MENARDS CRYSTAL LAKE IL,Home,Return,15.78
2025-06-25,2025-06-26,Audible*NO2SQ0WP0,Bills & Utilities,Sale,-14.95
2025-06-23,2025-06-26,MENARDS CRYSTAL LAKE IL,Home,Return,10.81
2025-06-23,2025-06-25,TACO BELL 036195,Food & Drink,Sale,-10.5
2025-06-24,2025-06-25,WAL-MART #3434,Groceries,Sale,-6.46
2025-06-24,2025-06-25,LAW OFFICE OF ROBERT FET,Professional Services,Sale,-570.62
2025-06-22,2025-06-24,BUC-EE'S #62,Groceries,Sale,-65.53
2025-06-22,2025-06-24,BUC-EE'S #62,Gas,Sale,-16.11
2025-06-22,2025-06-23,SQ *MUDHOUSE COFFEE,Food & Drink,Sale,-8.28
2025-06-22,2025-06-22,AUTOMATIC PAYMENT - THANK,,Payment,2812.91
2025-06-19,2025-06-20,TOUR* BRANSON DUCK TOU,Entertainment,Sale,-96.26
2025-06-18,2025-06-20,IHOP #3209,Food & Drink,Sale,-46.3
2025-06-18,2025-06-20,CRAZY CRAIGS TREEHOUSE,Food & Drink,Sale,-72.11
2025-06-18,2025-06-20,HYATT REGENCY ST.LOUIS F,Food & Drink,Sale,-7.01
2025-06-19,2025-06-20,STAMPEDE PIRATE HATFIELD,Entertainment,Sale,-145.84
2025-06-20,2025-06-20,FH* SHEPERD OF THE HIL,Entertainment,Sale,-267.37
2025-06-19,2025-06-20,WAL-MART #0032,Shopping,Sale,-84.25
2025-06-18,2025-06-20,BUC-EE'S #62,Groceries,Sale,-4.21
2025-06-18,2025-06-19,ROAD RANGER #242,Gas,Sale,-22.17
2025-06-18,2025-06-19,CIRCLE K 00129,Gas,Sale,-22.94
2025-06-17,2025-06-18,REBECCA LEIFELD MA  LCPC,Health & Wellness,Sale,-20
2025-06-17,2025-06-18,DR MATTS OFFICE,Health & Wellness,Sale,-40
2025-06-16,2025-06-17,WM SUPERCENTER #1413,Groceries,Sale,-121.11
2025-06-16,2025-06-17,BINNYS BEV DEPOT 41,Food & Drink,Sale,-30.36
2025-06-15,2025-06-16,MCDONALD'S M7214,Food & Drink,Sale,-16.67
2025-06-12,2025-06-15,CRYSTAL LAKE IMM CARE PHY,Health & Wellness,Sale,-20
2025-06-14,2025-06-15,MCDONALD'S F14021,Food & Drink,Sale,-13.31
2025-06-14,2025-06-15,SQ *ENVIRONMENTAL DEFENDE,Shopping,Sale,-70.25
2025-06-13,2025-06-15,OLIVE GARDEN ZK 0021784,Food & Drink,Sale,-53.4
2025-06-11,2025-06-13,JIMMY JOHNS - 0585 - ECOM,Food & Drink,Sale,-20.04
2025-06-11,2025-06-12,TARGET        00011668,Shopping,Sale,-34.36
2025-06-11,2025-06-12,SAMSCLUB #6339,Gas,Sale,-47.69
2025-06-11,2025-06-12,MCDONALD'S F3488,Food & Drink,Sale,-8.32
2025-06-10,2025-06-11,CULVERS WOODSTOCK,Food & Drink,Sale,-21.2
2025-06-10,2025-06-11,DD/BR #340391 Q35,Food & Drink,Sale,-6.88
2025-06-08,2025-06-10,CLASSIC CINEMAS WOODSTOCK,Entertainment,Sale,-25.5
2025-06-08,2025-06-10,CLASSIC CINEMAS WOODSTOCK,Entertainment,Sale,-23.82
2025-06-08,2025-06-09,DOLLARTREE,Shopping,Sale,-20.57
2025-06-08,2025-06-09,WAL-MART #3434,Groceries,Sale,-64.49
2025-06-07,2025-06-09,JIMMY JOHNS - 967 - ECOMM,Food & Drink,Sale,-99.22
2025-06-08,2025-06-09,MCDONALD'S M7214,Food & Drink,Sale,-20.69
2025-06-06,2025-06-08,DD/BR #340391 Q35,Food & Drink,Sale,-7.55
2025-06-06,2025-06-08,CULVERS WOODSTOCK,Food & Drink,Sale,-11.95
2025-06-05,2025-06-08,MENARDS WOODSTOCK IL,Home,Sale,-12.33
2025-06-05,2025-06-06,Audible*N68182860,Bills & Utilities,Sale,-3.24
2025-06-05,2025-06-06,Audible*N66DV78F0,Bills & Utilities,Sale,-3.24
2025-06-03,2025-06-05,WM SUPERCENTER #3434,Groceries,Return,74.69
2025-06-04,2025-06-05,REBECCA LEIFELD MA  LCPC,Health & Wellness,Sale,-20
2025-06-03,2025-06-04,WAL-MART #3434,Groceries,Sale,-84.21
2025-06-03,2025-06-04,TCKTWEB*STEVEO,Entertainment,Sale,-79.54
2025-06-02,2025-06-04,JIMMY JOHNS - 0585 - ECOM,Food & Drink,Sale,-22.62
2025-06-03,2025-06-04,Audible*NH8LZ3OL2,Bills & Utilities,Sale,-4.41
2025-06-02,2025-06-04,MENARDS WOODSTOCK IL,Home,Sale,-23.06
2025-06-02,2025-06-03,2112 GREAT CLIPS AT COUNT,Personal,Sale,-27
2025-06-02,2025-06-03,DOLLAR TREE,Shopping,Sale,-9.49
2025-06-01,2025-06-02,MCDONALD'S F34643,Food & Drink,Sale,-10.35
2025-06-01,2025-06-02,SAMSCLUB #6339,Gas,Sale,-54.66
2025-06-01,2025-06-02,OLLIES BARGAIN OUTLET 494,Shopping,Sale,-42.28
2025-05-30,2025-06-01,TST* ANTIOCH PIZZA - WOOD,Food & Drink,Sale,-7
2025-05-31,2025-06-01,MCDONALD'S F34643,Food & Drink,Sale,-11.44
2025-05-30,2025-06-01,DOLLARTREE,Shopping,Sale,-28.33
2025-05-30,2025-06-01,FOX VALLEY WINERY,Entertainment,Sale,-20.79
2025-05-28,2025-05-30,JIMMY JOHNS - 0585 - ECOM,Food & Drink,Sale,-22.62
2025-05-29,2025-05-30,PANERA BREAD #204024 P,Food & Drink,Sale,-14.39
2025-05-27,2025-05-29,MURPHY7579ATWALMART,Gas,Sale,-49.16
2025-05-27,2025-05-28,WAL-MART #3434,Groceries,Sale,-232.94
2025-05-27,2025-05-28,DD/BR #340391 Q35,Food & Drink,Sale,-7.11
2025-05-26,2025-05-27,MCDONALD'S F34643,Food & Drink,Sale,-6.24
2025-05-24,2025-05-26,DOMINO'S 2786,Food & Drink,Sale,-26.79
2025-05-25,2025-05-26,TARGET        00011668,Shopping,Sale,-42.36
2025-05-24,2025-05-25,DOLLARTREE,Shopping,Sale,-2.71
2025-05-23,2025-05-25,TACO BELL #30401,Food & Drink,Sale,-18.37
2025-05-24,2025-05-25,DOLLARTREE,Shopping,Sale,-14.92
2025-05-23,2025-05-25,SQ *XTREMEWHEELSFUNCENTER,Entertainment,Sale,-6
2025-05-23,2025-05-25,SQ *XTREMEWHEELSFUNCENTER,Entertainment,Sale,-5
2025-05-22,2025-05-25,TOMMYS RED HOTS,Food & Drink,Sale,-11.24
2025-05-24,2025-05-25,MCDONALD'S M7214,Food & Drink,Sale,-1.93
2025-05-24,2025-05-25,MCDONALD'S F14021,Food & Drink,Sale,-10.73
2025-05-23,2025-05-25,SQ *XTREMEWHEELSFUNCENTER,Entertainment,Sale,-18
2025-05-21,2025-05-23,JIMMY JOHNS - 0585 - ECOM,Food & Drink,Sale,-22.62
2025-05-22,2025-05-22,AUTOMATIC PAYMENT - THANK,,Payment,430.86
2025-05-20,2025-05-22,SHELL OIL 57445192701,Gas,Sale,-61.07
2025-05-21,2025-05-22,MCDONALD'S F3488,Food & Drink,Sale,-7.67
2025-05-19,2025-05-21,U-HAUL MOVING &amp; STORAGE O,Automotive,Sale,-213.96
2025-05-20,2025-05-21,DD/BR #340391 Q35,Food & Drink,Sale,-7.11
2025-05-19,2025-05-21,WALNUT SPEAKEASY,Food & Drink,Sale,-27.38
2025-05-19,2025-05-21,CASEYS #3835,Gas,Sale,-22.6
2025-05-20,2025-05-21,TACO BELL #4752,Food & Drink,Sale,-8
2025-05-20,2025-05-21,ASSOCIATES IN PSYCHIATRY,Health & Wellness,Sale,-20
2025-05-19,2025-05-20,REBECCA LEIFELD MA  LCPC,Health & Wellness,Sale,-20
2025-05-18,2025-05-19,MCDONALD'S F34643,Food & Drink,Sale,-7.66
2025-05-18,2025-05-19,WAL-MART #4641,Groceries,Sale,-273.62
2025-05-16,2025-05-18,JIMMY JOHNS - 0585 - ECOM,Food & Drink,Sale,-20.04
2025-05-16,2025-05-18,DD/BR #340391 Q35,Food & Drink,Sale,-3.88
2025-05-17,2025-05-18,CULVERS WOODSTOCK,Food & Drink,Sale,-12.38
2025-05-15,2025-05-16,DUNKIN #306605 Q35,Food & Drink,Sale,-5.71
2025-05-13,2025-05-14,TARGET        00011668,Shopping,Sale,-4.06
2025-05-13,2025-05-14,CULVERS OF CRYSTAL LAKE,Food & Drink,Sale,-15.66
2025-05-13,2025-05-14,SAMSCLUB #6339,Gas,Sale,-53.69
2025-05-12,2025-05-13,ADVOCATE PATIENT PAYMENT,Health & Wellness,Sale,-40
2025-05-12,2025-05-13,MCDONALD'S F3488,Food & Drink,Sale,-5.08
2025-05-12,2025-05-13,PANERA BREAD #204024 P,Food & Drink,Sale,-19.23
2025-05-12,2025-05-13,MCDONALD'S F14021,Food & Drink,Sale,-8.32
2025-05-11,2025-05-13,WENDYS #  13352,Food & Drink,Sale,-25.74
2025-05-11,2025-05-12,SQ *PSC @ CHICAGO DOGS -,Food & Drink,Sale,-9.46
2025-05-11,2025-05-12,SQ *PSC @ CHICAGO DOGS -,Food & Drink,Sale,-25.03
2025-05-11,2025-05-12,SQ *PSC @ CHICAGO DOGS -,Food & Drink,Sale,-7.79
2025-05-10,2025-05-11,TACO BELL #4752,Food & Drink,Sale,-8
2025-05-10,2025-05-11,TDC*CHICAGO DOGS I,Entertainment,Sale,-97.5
2025-05-10,2025-05-11,WAL-MART #3434,Groceries,Sale,-28.22
2025-05-10,2025-05-11,WAL-MART #3434,Groceries,Sale,-114.92
2025-05-08,2025-05-09,DD/BR #340391 Q35,Food & Drink,Sale,-7.11
2025-05-06,2025-05-08,CRYSTAL LAKE PARK DISTRI,Personal,Sale,-751.6
2025-05-06,2025-05-07,REBECCA LEIFELD MA  LCPC,Health & Wellness,Sale,-20
2025-05-03,2025-05-06,DOMINO'S 2786,Food & Drink,Sale,-38.71
2025-05-04,2025-05-06,WENDYS #  13352,Food & Drink,Sale,-7.38
2025-05-05,2025-05-06,DD/BR #340391 Q35,Food & Drink,Sale,-3.44
2025-05-04,2025-05-05,EXXON 7-ELEVEN 41290,Gas,Sale,-53.82
2025-05-04,2025-05-05,WAL-MART #1413,Groceries,Sale,-234.01
2025-05-02,2025-05-04,CHIPOTLE 3609,Food & Drink,Sale,-19.05
2025-05-03,2025-05-04,TACO BELL #26749,Food & Drink,Sale,-18.41
2025-04-29,2025-05-01,MENARDS WOODSTOCK IL,Home,Sale,-35.85
2025-04-29,2025-05-01,BLACKHAWK AREA COUNCIL -,Shopping,Sale,-100
2025-04-30,2025-05-01,DD/BR #340391 Q35,Food & Drink,Sale,-12.28
2025-04-29,2025-05-01,HOBBY-LOBBY #0186,Shopping,Sale,-30.07
2025-04-30,2025-04-30,AMAZON MKTPLACE PMTS,Shopping,Return,13.01
2025-04-29,2025-04-30,DOLLARTREE,Shopping,Sale,-15.43
2025-04-29,2025-04-30,WAL-MART #3434,Groceries,Sale,-27.63
2025-04-29,2025-04-30,CULVERS WOODSTOCK,Food & Drink,Sale,-12.38
2025-04-28,2025-04-29,PANERA BREAD #204024 P,Food & Drink,Sale,-18.58
2025-04-27,2025-04-29,CLASSIC CINEMAS WOODSTOCK,Entertainment,Sale,-28.68
2025-04-27,2025-04-29,CLASSIC CINEMAS WOODSTOCK,Entertainment,Sale,-34
2025-04-27,2025-04-28,MCDONALD'S M7214,Food & Drink,Sale,-17.66
2025-04-26,2025-04-27,TACO BELL 3004026,Food & Drink,Sale,-11.9
2025-04-25,2025-04-27,TARGET        00011668,Shopping,Sale,-34.6
2025-04-24,2025-04-27,MURPHY7579ATWALMART,Gas,Sale,-54.71
2025-04-25,2025-04-27,TARGET        00011668,Shopping,Sale,-15
2025-04-24,2025-04-25,SCHOLASTIC BOOK FAIRS R4,Shopping,Sale,-32.52
2025-04-24,2025-04-25,PANERA BREAD #204024 P,Food & Drink,Sale,-3.97
2025-04-23,2025-04-24,DD/BR #340391 Q35,Food & Drink,Sale,-3.88
2025-04-22,2025-04-23,WAL-MART #3434,Groceries,Sale,-15.04
2025-04-21,2025-04-22,DD/BR #340391 Q35,Food & Drink,Sale,-6.68
2025-04-17,2025-04-20,SHELL OIL 57443514401,Gas,Sale,-54.01
2025-04-19,2025-04-20,MCDONALD'S F11558,Food & Drink,Sale,-8.88
2025-04-18,2025-04-20,AMAZON MKTPL*E520L21V3,Shopping,Sale,-41.72
2025-04-18,2025-04-20,CULVERS LAKE IN THE HILL,Food & Drink,Sale,-27.89
2025-04-19,2025-04-20,TCKTWEB*PINKYPATEL,Entertainment,Sale,-79.54
2025-04-17,2025-04-18,PANERA BREAD #204024 P,Food & Drink,Sale,-18.79
2025-04-16,2025-04-18,JIMMY JOHNS - 0585 - ECOM,Food & Drink,Sale,-22.62
2025-04-17,2025-04-18,DD/BR #340391 Q35,Food & Drink,Sale,-3.44
2025-04-15,2025-04-16,MCDONALD'S F3488,Food & Drink,Sale,-8.21
2025-04-15,2025-04-16,PANERA BREAD #204024 P,Food & Drink,Sale,-17.71
2025-04-14,2025-04-15,PANERA BREAD #204024 P,Food & Drink,Sale,-3.97
2025-04-01,2025-04-01,ANNUAL MEMBERSHIP FEE,Fees & Adjustments,Fee,-95
